{
    "energy_eV": -53.410644404704186,
    "energy_eV_per_atom": -5.341064440470419,
    "n_atoms": 10,
    "mace_model": "mace-mpa-0-medium.model"
}