{
    "energy_eV": -10.488970622384011,
    "energy_eV_per_atom": -5.244485311192006,
    "n_atoms": 2,
    "mace_model": "mace-mpa-0-medium.model"
}