{
    "energy_eV": -228.2894092063649,
    "energy_eV_per_atom": -4.076596592970802,
    "n_atoms": 56,
    "mace_model": "mace-mpa-0-medium.model"
}