{
    "energy_eV": -132.14974212283582,
    "energy_eV_per_atom": -4.129679441338619,
    "n_atoms": 32,
    "mace_model": "mace-mpa-0-medium.model"
}