{
    "energy_eV": -21.537722773151906,
    "energy_eV_per_atom": -5.384430693287976,
    "n_atoms": 4,
    "mace_model": "mace-mpa-0-medium.model"
}