{
    "energy_eV": -36.839394442546464,
    "energy_eV_per_atom": -4.093266049171829,
    "n_atoms": 9,
    "mace_model": "mace-mpa-0-medium.model"
}