{
    "energy_eV": -71.75366226634107,
    "energy_eV_per_atom": -3.9863145703522815,
    "n_atoms": 18,
    "mace_model": "mace-mpa-0-medium.model"
}