{
    "energy_eV": -10.681079457410878,
    "energy_eV_per_atom": -5.340539728705439,
    "n_atoms": 2,
    "mace_model": "mace-mpa-0-medium.model"
}