{
    "energy_eV": -227.02975285605427,
    "energy_eV_per_atom": -5.405470306096531,
    "n_atoms": 42,
    "mace_model": "mace-mpa-0-medium.model"
}