{
    "energy_eV": -42.09971983021418,
    "energy_eV_per_atom": -5.262464978776772,
    "n_atoms": 8,
    "mace_model": "mace-mpa-0-medium.model"
}