{
    "energy_eV": -330.46741838576884,
    "energy_eV_per_atom": -4.130842729822111,
    "n_atoms": 80,
    "mace_model": "mace-mpa-0-medium.model"
}