{
    "elastic_tensor_GPa": [
        [
            11.41811221876108,
            1.5535251395316407,
            -5.002927275289971,
            8.290039183702501e-11,
            -1.662206159223557e-10,
            8.419185915681327e-11
        ],
        [
            1.5535251395316407,
            11.418106914728778,
            -5.002928805691717,
            1.5125134446692975e-10,
            4.882698963870786e-11,
            6.470938106979781e-10
        ],
        [
            -5.002927275289971,
            -5.002928805691717,
            26.82816945420065,
            3.412436762742019e-10,
            -1.3797820129129815e-10,
            1.576009503619123e-10
        ],
        [
            8.290039183702501e-11,
            1.5125134446692975e-10,
            3.412436762742019e-10,
            2.9258639292642195,
            -1.867123817267646e-10,
            -1.8559944090843585e-10
        ],
        [
            -1.662206159223557e-10,
            4.882698963870786e-11,
            -1.3797820129129815e-10,
            -1.867123817267646e-10,
            2.9258639280629195,
            4.814824341429071e-10
        ],
        [
            8.419185915681327e-11,
            6.470938106979781e-10,
            1.576009503619123e-10,
            -1.8559944090843585e-10,
            4.814824341429071e-10,
            4.9322955481813375
        ]
    ],
    "voigt_labels": [
        "xx",
        "yy",
        "zz",
        "yz",
        "xz",
        "xy"
    ],
    "derived_moduli": {
        "bulk_modulus_voigt_GPa": 3.639969633865602,
        "shear_modulus_voigt_GPa": 6.031252649711066,
        "youngs_modulus_voigt_GPa": 11.655967521401687,
        "poissons_ratio_voigt": -0.03370259891532827
    },
    "calculator": "mace-mp:mace-mpa-0-medium.model"
}