{
    "energy_eV": -10.628501535474252,
    "energy_eV_per_atom": -5.314250767737126,
    "n_atoms": 2,
    "mace_model": "mace-mpa-0-medium.model"
}