{
    "energy_eV": -2.9162408471712062,
    "energy_eV_per_atom": -2.9162408471712062,
    "n_atoms": 1,
    "mace_model": "mace-mpa-0-medium.model"
}