{
    "energy_eV": -3.4908798704670785,
    "energy_eV_per_atom": -3.4908798704670785,
    "n_atoms": 1,
    "mace_model": "mace-mpa-0-medium.model"
}