{
    "energy_eV": -16.333332240035812,
    "energy_eV_per_atom": -4.083333060008953,
    "n_atoms": 4,
    "mace_model": "mace-mpa-0-medium.model"
}