{
    "energy_eV": -15.172316937981233,
    "energy_eV_per_atom": -3.793079234495308,
    "n_atoms": 4,
    "mace_model": "mace-mpa-0-medium.model"
}