{
    "energy_eV": -115.21285831849914,
    "energy_eV_per_atom": -4.114744939946398,
    "n_atoms": 28,
    "mace_model": "mace-mpa-0-medium.model"
}