{
    "energy_eV": -24.416397282460487,
    "energy_eV_per_atom": -4.069399547076748,
    "n_atoms": 6,
    "mace_model": "mace-mpa-0-medium.model"
}