{
    "energy_eV": -21.533950546677193,
    "energy_eV_per_atom": -5.383487636669298,
    "n_atoms": 4,
    "mace_model": "mace-mpa-0-medium.model"
}