{
    "energy_eV": -132.26198380607877,
    "energy_eV_per_atom": -4.133186993939962,
    "n_atoms": 32,
    "mace_model": "mace-mpa-0-medium.model"
}