{
    "energy_eV": -132.2528536560703,
    "energy_eV_per_atom": -4.132901676752197,
    "n_atoms": 32,
    "mace_model": "mace-mpa-0-medium.model"
}