{
    "energy_eV": -11.888366049954316,
    "energy_eV_per_atom": -2.972091512488579,
    "n_atoms": 4,
    "mace_model": "mace-mpa-0-medium.model"
}