{
    "energy_eV": -32.92948177422515,
    "energy_eV_per_atom": -4.116185221778144,
    "n_atoms": 8,
    "mace_model": "mace-mpa-0-medium.model"
}