{
    "energy_eV": -81.97406036169474,
    "energy_eV_per_atom": -4.098703018084737,
    "n_atoms": 20,
    "mace_model": "mace-mpa-0-medium.model"
}