{
    "energy_eV": -295.8682411077992,
    "energy_eV_per_atom": -4.109281126497211,
    "n_atoms": 72,
    "mace_model": "mace-mpa-0-medium.model"
}