{
    "energy_eV": -329.3888251450801,
    "energy_eV_per_atom": -4.117360314313501,
    "n_atoms": 80,
    "mace_model": "mace-mpa-0-medium.model"
}