{
    "energy_eV": -98.90380483412633,
    "energy_eV_per_atom": -4.1209918680885975,
    "n_atoms": 24,
    "mace_model": "mace-mpa-0-medium.model"
}