{
    "energy_eV": -361.11858132692294,
    "energy_eV_per_atom": -4.103620242351397,
    "n_atoms": 88,
    "mace_model": "mace-mpa-0-medium.model"
}