{
    "energy_eV": -198.05806442312863,
    "energy_eV_per_atom": -4.126209675481847,
    "n_atoms": 48,
    "mace_model": "mace-mpa-0-medium.model"
}