{
    "energy_eV": -453.66960422097424,
    "energy_eV_per_atom": -5.400828621678265,
    "n_atoms": 84,
    "mace_model": "mace-mpa-0-medium.model"
}